{"accuracy": [0.595874547958374, 0.8570311069488525, 0.9141759872436523, 0.9400810599327087, 0.9543779492378235, 0.9655167460441589, 0.9714488983154297, 0.9756170511245728, 0.9795433282852173, 0.9818194508552551], "loss": [1.3769382238388062, 0.4563078284263611, 0.26874998211860657, 0.18385091423988342, 0.13932760059833527, 0.1065366119146347, 0.08740193396806717, 0.07462228834629059, 0.06336314231157303, 0.05557316541671753], "val_accuracy": [0.8419075608253479, 0.9089460372924805, 0.9313111901283264, 0.9476439952850342, 0.9535624980926514, 0.959537923336029, 0.9219212532043457, 0.9666514992713928, 0.9610744118690491, 0.9681880474090576], "val_loss": [0.4958723485469818, 0.2798241674900055, 0.20833183825016022, 0.16145294904708862, 0.14904025197029114, 0.12285783141851425, 0.2684061527252197, 0.11739704757928848, 0.12972833216190338, 0.10601013153791428]}